{
  "train_loss": [
    2.53169396609971,
    2.509413040045536,
    2.498939953067086,
    2.490398448525053,
    2.4883281263438137
  ],
  "val_loss": [
    2.5026434568258433,
    2.4944180708665113,
    2.4891260403853197,
    2.4919444230886607,
    2.4940414428710938
  ],
  "learning_rates": [
    8e-05,
    6e-05,
    4e-05,
    2e-05,
    0.0
  ],
  "epochs": [
    1,
    2,
    3,
    4,
    5
  ]
}